name,url,username,password
 Abastece Aí,https://kmdevantagens.com.br,48999480444,54412782
--,http://android://hU-llcHZ_tCYwqGPFdY4Etp1jWABSQXlDAjfnhuSfdlWEDKyy0ISg-m4ndBIaqU8OLr8TnyLY2CVhn2RyJpNBA==@com.lynda.android.root/,marcus.biava@arctouch.com,$enha2018
--,http://android://u0A-O7Ivuokjnqmf1ciagyiwkxqsLSrXA9ZzyIb4yGEVu5tPRfhJbn8REHGmDAUkUCGf71TqwUcwSfwFObRssA==@com.twitter.android/,marcusbiava@gmail.com,$enhatwitter
--,http://android://CqMPNSmqlhod6BUPadCb2MkzSmMu6LGTzlvf_WT7Axtu6KoYrZs6yQaMl8WqUkW8_OfW6OFoXbJTsoC29ZQoJw==@com.jeremysteckling.facerrel/,marcusbiava@gmail.com,$enhafacer
1password.com,https://quizlet.1password.com/join/first-signin,marcus.biava@quizlet.com,$enha2019!
99 taxi,http://,,9okd2Po9
99 taxi verdadeiro,http://driver.app99.com,5,$enha99
172.23.16.10,http://172.23.16.10:9000/#/auth,admin,qwer1234
account-d.docusign.com,https://account-d.docusign.com/logout#/username,assinaturaeletronica@softplan.com.br,PwEULPJ5522v
account.asus.com,https://account.asus.com/signup_setpd.aspx,,ECfeyhypugPhon1
account.bizagi.com,https://account.bizagi.com/index.html,Nunes Biava,Bizagi123
account.jetbrains.com,https://account.jetbrains.com/oauth/login/sign-up?email=biavawork%40gmail.com#,biavawork@gmail.com,dH^53WkK7ywH
account.jetbrains.com,https://account.jetbrains.com/login,marcus.biava@softplan.com.br,5x8p722n
account.sonyentertainmentnetwork.com,https://account.sonyentertainmentnetwork.com/liquid/external/create-account.action,marcusbiava@gmail.com,$enhapsn
account.xiaomi.com,https://account.xiaomi.com/pass/serviceLogin,marcusbiava@gmail.com,$enhamifit
accountrecovery.mercadolivre.com.br,https://accountrecovery.mercadolivre.com.br/mlb/accountrecovery/passwordRecovery/recovery,marcusbiava@gmail.com,K4Go7EwM
accounts.alibaba.com,https://accounts.alibaba.com/user/company/forget_password_change_password.htm,,Senha2015
accounts.eclipse.org,https://accounts.eclipse.org/user,marcusbiava@gmail.com,j3Vojr3uBKC7
accounts.logme.in,https://accounts.logme.in/login.aspx,marcusbiava@gmail.com,logmeinsenha
agenciaweb.celesc.com.br,https://agenciaweb.celesc.com.br/AgenciaWeb/conta/conta.do,02449107908,1Bluebebe?
aichisushi.com.br,http://aichisushi.com.br/cadastro,,Fdt$O1UD
amazon.com,https://signin.aws.amazon.com/oauth?redirect_uri=https%3A%2F%2Fus-west-2.console.aws.amazon.com%2Fcloudwatch%2Fhome%3Fregion%3Dus-west-2%26state%3DhashArgs%2523logs-insights%253AqueryDetail%253D~%2528end~0~start~-3600~timeType~%2527RELATIVE~unit~%2527seconds~editorString~%2527fields%252A20%252A40timestamp%252A2c%252A20%252A40message%252A0a%252A7c%252A20sort%252A20%252A40timestamp%252A20desc%252A0a%252A7c%252A20limit%252A2020~isLiveTail~false~queryId~%2527ebb8f9ee-de07-43c4-8249-1eb3c18c793e~source~%2528~%2527%252A2faws%252A2flambda%252A2faws-nodejs-dev-hello%2529%2529%26isauthcode%3Dtrue&client_id=arn%3Aaws%3Aiam%3A%3A015428540659%3Auser%2Fcloudwatch&response_type=code&iam_user=true&account=buildin&code_challenge=9ZKH2ASNcAz6SWTzyTtvlkIbbSczfkEUw2EBI1LFOfU&code_challenge_method=SHA-256#,suporte.lambda3,HmpX3*d2G&R$1M!
apaginalivrarias.com.br,https://www.apaginalivrarias.com.br/identificacao,marcusbiava@gmail.com,v8TvqG
aplicacoes.unisul.br,https://aplicacoes.unisul.br/captiveportal/index.php,marcus.biava,$enha2015
aplicacoes.unisul.br,https://aplicacoes.unisul.br/captiveportal/index.php,marcus.biava,unisul2014
app.winker.com.br,https://app.winker.com.br/intra/default/login?sacs,marcusbiava@gmail.com,$enhawinker
apple.com,https://idmsa.apple.com/appleauth/auth/signin?widgetKey=af1139274f266b22b68c2a3e7ad932cb3c0bbe854e13a79af78dcc73136882c3&language=en_US&rv=1,marcus.biava@arctouch.com,xkI1bTCY
apps.admin.ibmcloud.com,https://apps.admin.ibmcloud.com/manage/trial/bluemix.html,marcusbiava@gmail.com,marcusjava
apps.nulab-inc.com,https://apps.nulab-inc.com/signup/verify,Marcus Biava,nulab1234
apptimize.com,http://apptimize.com,marcus.biava@quizlet.com,zd9izDVApMyVPqovkBKAfBNE
arctouch.com,https://od.arctouch.com/auth?redirect=https://od.arctouch.com/devicemanagement/webapi/authentication/device_callback,marcusbiava,A3etezpe
asus.com,https://account.asus.com/loginform.aspx?skey=39019ce3776f4f34a7f95c04aa201eb5,marcusbiava@gmail.com,ECfeyhypugPhon1
atlassian.com,https://id.atlassian.com/login/changepassword?signature=eyJ0eXAiOiJKV1QiLCJhbGciOiJIUzI1NiJ9.eyJzY29wZSI6ImNoYW5nZVBhc3N3b3JkIiwiZXhwIjoxNTM4NTAyOTAzLCJpYXQiOjE1Mzg0NzQxMDMsInN1YiI6Im1hcmN1c2JpYXZhQGdtYWlsLmNvbSIsInVzZXJJZCI6IjViYjI3ZDBmMjEwZjk4MGM1M2RjYjI0NyIsImlzcyI6ImFjY291bnQifQ.nAljlUGrDgrnheZHpW_2-45RhQ0QbcOH8uWsdVrbXmM&email=marcusbiava%40gmail.com&source=76b112aaa99090c666678709222dfcf4,,8rUQz5SB
atlassian.com,https://id.atlassian.com/login/changepassword?signature=eyJ0eXAiOiJKV1QiLCJhbGciOiJIUzI1NiJ9.eyJzY29wZSI6ImNoYW5nZVBhc3N3b3JkIiwiZXhwIjoxNTQyMTY2NzA4LCJpYXQiOjE1NDIxMzc5MDgsInN1YiI6Im1hcmN1cy5iaWF2YUBwb3NzaWJsZS5jb20iLCJ1c2VySWQiOiI1YmU4OTM5NGUxN2VkYTJiM2ZkY2VlZDIiLCJpc3MiOiJhY2NvdW50In0.OWIX2C6xf5tiaig92ggvX5uaEXV81f_S21PZCdTNJV4&email=marcus.biava%40possible.com&continue=https%3A//doubleencore.atlassian.net/login?redirectCount%3D1&source=76b112aaa99090c666678709222dfcf4,marcus.biava@possible.com,mPCO80WPFl0VRJJ
audiobox.fm,https://audiobox.fm/account/sign_up,marcusbiava@gmail.com,4w315Sku
auth.api.sonyentertainmentnetwork.com,https://auth.api.sonyentertainmentnetwork.com/login.jsp,jonathanzanettabiava@gmail.com,$enhapsn2
auth.api.sonyentertainmentnetwork.com,https://auth.api.sonyentertainmentnetwork.com/login.jsp,marcusbiava@gmail.com,$enhapsn
auth.api.sonyentertainmentnetwork.com,https://auth.api.sonyentertainmentnetwork.com/login.jsp,marcusbiava@ymail.com,$enhapsn
auth.netcombo.com.br,https://auth.netcombo.com.br/web/login.html?client_id=MinhaClaroDIG&response_type=code&scope=minha_claro_dig+openid&redirect_uri=https%253A%252F%252Fminhaclaro.claro.com.br&authMs=UP,EP,DOCP,OTP,028.326.839-59,V5gwH6C6
auth.udacity.com,https://auth.udacity.com/sign-in,marcusbiava@gmail.com,$enhaudacity
auth0.com,https://raywenderlich.auth0.com/login?state=g6Fo2SBMX2xXNU1PU3kyTnBsakYzSFk0RjFwV3Z6QnhwS2FKYqN0aWTZIDg1YmN5UWZlMm9GdnB1RFp3eWlacVlVZFJ4M3RiWGpWo2NpZNkgbmN6a0IzUzgwM1N0SFRUcXhoSldsS0JEVVRBd1lTUlk&client=nczkB3S803StHTTqxhJWlKBDUTAwYSRY&protocol=oauth2&response_type=code&scope=openid%20profile&redirect_uri=https%3A%2F%2Faccounts.raywenderlich.com%2Fv2%2Fsso%2Fcallback&connection=Username-Password-Authentication&mode=login,ArcTouch,iphoneandroid
avst-test1266.dyn.adaptavist.com,https://avst-test1266.dyn.adaptavist.com/jira/secure/Dashboard.jspa,assessment.test,assessment.test_1357
biblioteca.casadocodigo.com.br,https://biblioteca.casadocodigo.com.br/painel/alteraSenhaForm,,$enhacasadocodigo
bj-share.info,http://bj-share.info,mvnb,0@y@I1!aAS8!
bj-share.me,https://bj-share.me/login.php,mvnb,$enhaBj2017
blapkmarket.cz,http://blapkmarket.cz/en/login/,marcusbiava,dingos
Bob Instagram,https://instagr.am,,bobdenne123
box.com,https://arctouch.account.box.com/login/credentials?redirect_url=%2Ffolder%2F72242737127%3Futm_source%3Dtrans%26utm_medium%3Demail%26utm_campaign%3Dcollab%252Bauto%2520accept%2520user,marcus.biava@arctouch.com,$enha2018
br.lgappstv.com,https://br.lgappstv.com/appspc/member/login/secure.login.lge,marcusbiava@gmail.com,senha2016
br.linkedin.com,https://br.linkedin.com/nhome/,marcusbiava@gmail.com,$enhalinkedin
br.mobile.privalia.com,http://br.mobile.privalia.com/welcome/resetpassword/token/FFC628B67C74E6C38F2736A8584438EC6EAAE548660310E963A9D0BBC0DD4EC39147093BA50A89952C,marcusbiava@gmail.com,Senhaprivalia
br.privalia.com,http://br.privalia.com/public/,marcusbiava@gmail.com,Senhaprivalia
br.udacity.com,https://br.udacity.com/account/auth/signin/,marcusbiava@gmail.com,$enhaudacity
Burger King,http://appandroid.br.com.burgerking,,XZ1ooP7w
caixa.gov.br,https://acessoseguro.sso.caixa.gov.br/cidadao/auth?response_type=code&client_id=portal-inter&segmento=CIDADAO01&template=portal&redirect_uri=https://acessoseguro.sso.caixa.gov.br/portal/login,13175652726,$enha954
carrinho.extra.com.br,https://carrinho.extra.com.br/Checkout?ReturnUrl=http://www.extra.com.br#login,marcusbiava@gmail.com ,eWvjX3dZ
carrinho.pontofrio.com.br,https://carrinho.pontofrio.com.br/Checkout,marcusbiava@gmail.com,n6q6xbfX
carrinho.submarino.com.br,https://carrinho.submarino.com.br/CustomerWeb/,marcusbiava@gmail.com,$enha201
Carteira de trabalho nova,http://sso.acesso.gov.br,028.326.839-59,s9L2ufvd
Carteira Digital de Trânsito,http://cnhe.serpro.gov.br,02832683959,s9L2ufvd
centauro.com.br,http://www.centauro.com.br,marcusbiava@gmail.com,&33t$J9e
centrodavisao.tdsasistemas.com.br,http://centrodavisao.tdsasistemas.com.br/RC_CentrodaVisao/AgOnline/cadastro.aspx,marcusbiava@gmail.com,Cm4@F2
certification.scrumalliance.org,https://certification.scrumalliance.org/claim_membership,marcusbiava@gmail.com,$enha2016
certification.scrumalliance.org,https://certification.scrumalliance.org/choose_password/0ab77e82f05c7c65212c7517c6e37b379cbfed418b527994aa6e8d671334408d,mbiava,$enha2016
checkout.dx.com,https://checkout.dx.com/Common/Confirm,marcusbiava@gmail.com,dxsenha
checkout.saraiva.com.br,https://checkout.saraiva.com.br/customer/account/login/,marcusbiava@gmail.com,yO7a02YR
cliente.americanas.com.br,https://cliente.americanas.com.br/s/,marcusbiava@gmail.com,$enha201
cnidaplay.com,https://signup.cnidaplay.com/pt/html/sf/registration/eone.html#&sf=eone_mg&lng=pt&m=books&ref=5125593&prod=2&_sign=fe1b331fe9da085363cdc855421b5b00&_signt=1564759067&utm_expid=72006323-852.f7Wpy_32RBi0rR9-dyqUmw.1&lid=fa2272c6-53c2-4eb2-9cde-7832533415d6&lid_hash=98ddea406a1f6e04ef6a6621147a1f7c,marcusbiava@ymail.com,casaco1
codingwithmitch.com,http://codingwithmitch.com,marcusbiava,3JQl7YvtrB1R
colégio adventista,http://academico.cpb.com.br,marcusbiava@gmail.com ,DWghd7sa
convite.privalia.com,https://convite.privalia.com/_d_melhoresmarcas/,marcusbiava@gmail.com,Senhaprivalia
convite.privalia.com,http://convite.privalia.com/_d_melhoresmarcas/,marcusbiava@gmail.com,Senhaprivalia
corpus.byu.edu,https://corpus.byu.edu/coca/login1.asp,marcusbiava@ymail.com,corpuscorpus
cryptic-shelf-8818.herokuapp.com,http://cryptic-shelf-8818.herokuapp.com/,beto,betobeto
cursos.alura.com.br,https://cursos.alura.com.br/loginForm?urlAfterLogin=https://cursos.alura.com.br/dashboard?email=marcus.biava@softplan.com.br,marcus.biava@softplan.com.br,EA6y53!B
dell.com,https://www.dell.com/Identity/global/LoginOrRegister/f454c791-0fe0-4adc-ba08-e94f97d20ab9?c=br&l=pt%2Cpt&reset=1&r=la&s=corp%2Cgen&~ck=mn&redirectUrl=https%3A%2F%2Fwww.dell.com%2Fpt-br%3Fc%3Dbr&mp=www.dell.com.br%2F&redirect=1&pn=LoginOrRegister&feir=1,marcusbiava@gmail.com,fDPm0i9w
dev-678440.oktapreview.com,https://dev-678440.oktapreview.com/user/welcome,,Senhaokta1
discord.com,http://discord.com,marcusbiava@gmail.com,l5IQB341
docker.com,https://hub.docker.com/signup,marcusbiava@gmail.com,ssnPvgeC24et
docusign.com,https://account-d.docusign.com/password?response_type=code&redirect_uri=https%3A%2F%2Fdevelopers.docusign.com%2Fauth%2Fdocusign-demo%2Fcallback&scope=signature%20manage_app_keys&state=https%3A%2F%2Fdevelopers.docusign.com%2F&client_id=f0f27f0e-857d-4a71-a4da-32cecae3a978#/password,,PwEULPJ5522v
docusign.com,https://account-d.docusign.com/username?response_type=code&redirect_uri=https%3A%2F%2Fdevelopers.docusign.com%2Fauth%2Fdocusign-demo%2Fcallback&scope=signature%20manage_app_keys&state=https%3A%2F%2Fdevelopers.docusign.com%2Fdocs%2Fesign-rest-api%2Freference%2Fenvelopes%2Fenvelopetemplates%2F&client_id=f0f27f0e-857d-4a71-a4da-32cecae3a978#/password,biavawork@gmail.com,zeEZc02x7XV8
docusign.github.io,https://docusign.github.io/postman-esign-api-collection/,9c699e96-d75f-48db-8169-eb066a204280,71f55e87-fa74-4efb-b185-4d8fda9c0392
docusign.net,http://demo.docusign.net,biavawork@gmail.com,zeEZc02x7XV8
docusign.net,http://na3.docusign.net,marcusbiava@gmail.com,XYvAq7C$g9tb
docusign.net,https://demo.docusign.net/Member/ActivateAboutYou.aspx?sc=1#,Sienge,PwEULPJ5522v
e5.onthehub.com,https://e5.onthehub.com/WebStore/Security/SignIn.aspx,marcusbiava@gmail.com,$enhadreamspark
ea.com,https://signin.ea.com/p/web2/login?execution=e414953568s1&initref=https%3A%2F%2Faccounts.ea.com%3A443%2Fconnect%2Fauth%3Fresponse_type%3Dcode%26redirect_uri%3Dhttps%253A%252F%252Fwww.ea.com%252Flogin_check%26state%3Ddebf4b7d-61b9-4c10-ac46-04094566bb83%26client_id%3DEADOTCOM-WEB-SERVER,marcusbiava@gmail.com,Senha2017
ebenezer-121.herokuapp.com,https://ebenezer-121.herokuapp.com/authentication/signin,ebenezer121,#1Samuel7!
ecommerce5.iset.com.br,https://ecommerce5.iset.com.br/vidabelacamisetas.com.br/cadastro.php,annekz@gmail.com,$enhavida
educacional.cpb.com.br,https://educacional.cpb.com.br/cadastro/,marcusbiava@gmail.com,$enha2018
elase.com.br,https://www.elase.com.br/esqueci-minha-senha/,23302,B9TYCZHP
energia.com.br,http://unimestre.energia.com.br,129392,M2vEOs5@K7iP
energia.com.br,https://unimestre.energia.com.br/projetos/nucleo/uteis/login.php?&tid=0&lid=0&pid=3&arq_ret=R5QT1WSRQBMCVQVPFFQS4MMSVC1MTT4BQSRW0PTBM9MF5S4MRVC550RVC9BS190W,20200500,270608
englishlive.ef.com,https://englishlive.ef.com/en-us/login/,marcusbiava@gmail.com,PWt86@BF
esitef.softwareexpress.com.br,https://esitef.softwareexpress.com.br/e-sitef/ticket/consultarCartao.se,,04
espacodocliente.smartfit.com.br,https://espacodocliente.smartfit.com.br/pt-BR/login,028.326.839-59,irapua146iOx
estacio.webaula.com.br,http://estacio.webaula.com.br/aluno/login/,201010040545,9540ma
esteri.it,http://prenotaonline.esteri.it,marcusbiava@gmail.com,qqnH444Y
esteri.it,http://prenotaonline.esteri.it,marcusbiava@gmail.com,1Cavalobebe?
Facebook,https://m.facebook.com,marcusbiava@gmail.com,$enhafacebook
facebook rafa,https://www.facebook.com/?next_cuid=AYjTb0p1iR6nSKRQeZUcyD6QQMohFm6QKvtVnvX0POwXfiK6GiDhg16lfBoaA81NTX1Z77UTfHIzzSwBxscbxnMyo5B-qgRbcdb0tsW9tp_EwODtC-HgPe8diujOZ5Udpcv8jEMJjS56iuDuv4SrUMHg1dWcw4_jLWPpIVQuh4h4Gw,rafaelsouzaarquivos@gmail.com,Dedo.90.urso
facebook.com,https://www.facebook.com/login.php?skip_api_login=1&api_key=185114198820439&kid_directed_site=0&app_id=185114198820439&signed_next=1&next=https%3A%2F%2Fwww.facebook.com%2Fv3.3%2Fdialog%2Foauth%3Fclient_id%3D185114198820439%26redirect_uri%3Dhttps%253A%252F%252Foauth2.airslate.com%252Fapi%252Fv1%252Foauth%252Fcb%252Ffb%26scope%3Demail%26response_type%3Dcode%26state%3DeyJjIjoxLCJyIjoiaHR0cHM6XC9cL3d3dy5wZGZmaWxsZXIuY29tXC9lblwvbG9naW4uaHRtP2F1dGg9RmFjZWJvb2smaGF1dGguZG9uZT1GYWNlYm9vayIsIl8iOiI1ZmE2ODBmMWI5ZjhjIiwicmkiOiI2NmU4OTUwNDYxN2FiMmRiN2MyNTVjODFhYmRlYTFhOCIsInMiOiI4ZDU0NGZlODIyYzcwMTQ1NjU0OTZkYTMwYzk4MDBlMyJ9%26ret%3Dlogin%26fbapp_pres%3D0%26logger_id%3Dee53bf88-5109-4022-ad80-bf55b280a2a3&cancel_url=https%3A%2F%2Foauth2.airslate.com%2Fapi%2Fv1%2Foauth%2Fcb%2Ffb%3Ferror%3Daccess_denied%26error_code%3D200%26error_description%3DPermissions%2Berror%26error_reason%3Duser_denied%26state%3DeyJjIjoxLCJyIjoiaHR0cHM6XC9cL3d3dy5wZGZmaWxsZXIuY29tXC9lblwvbG9naW4uaHRtP2F1dGg9RmFjZWJvb2smaGF1dGg,annekz@gmail.com,princesaminie
facebook.com,https://www.facebook.com/,bobdenne80@gmail.com,tQS%655Z
facebook.com,https://www.facebook.com/login.php,marcusbiava@gmail.com,$enhafacebook
facebook.com,https://pt-br.facebook.com/,marcusbiava@ymail.com,$enhafacebook
facer.io,https://www.facer.io/login?return=true,marcusbiava@gmail.com,$enhafacer
focustodo,http://www.focustodo.net,marcusbiava@gmail.com,••••••••
focustodo.net,http://focustodo.net,,ZDSpX4UV
Forest,http://forestapp.cc,,NrXqOS2&
forest,http://forestapp.cc,marcusbiava@gmail.com,NrXqOS2&
fortniteapi.com,https://console.fortniteapi.com/account?register&plan=1,marcusbiava@ymail.com,&a7VR4sw
funretro.io,https://funretro.io/invite/781eee69-0d06-4450-b3ba-1685e4e93350,marcus.biava@quizlet.com,!9Bul^TJ6Z3L
github.com my,https://github.com/login,marcusbiava@gmail.com,$enha2015
gitkraken.com,https://www.gitkraken.com/download/linux-deb,marcusbiava@gmail.com,G8Fa7r1yLw
globo.com,http://produtos.globo.com,marcusbiava@gmail.com,$enhaglobo
Gmail,https://gmail.com,annekz,pricesaminie
gnome.org,http://extensions.gnome.org,marcusbiava@gmail.com,e8O4zMu8z8Kg
gol,https://voegol.com.br,marcusbiava@gmail.com,xBnlFy5O
Google Autenticator,,,
Google Quizlet,https://accounts.google.com/ServiceLogin,marcus.biava@quizlet.com,Clinic-offhand%3burgess
google.com,https://accounts.google.com/signup/v2/webcreateaccount?service=mail&continue=https%3A%2F%2Fmail.google.com%2Fmail%2F&ltmpl=default&gmb=exp&biz=false&flowName=GlifWebSignIn&flowEntry=SignUp,bobdenne80,8G2SCAa*
google.com,https://accounts.google.com/signin/v2/sl/pwd?ssp=1&email_hint=marcus.biava%40arctouch.com&continue=https%3A%2F%2Fwww.google.com.br%2F&flowName=GlifDesktopChromeSync&cid=1&navigationDirection=forward,marcus.biava@arctouch.com,22L2Iv$WyFI2
google.com,https://accounts.google.com/signin/v2/sl/pwd?service=googleplay&passive=0&authuser=2&continue=https%3A%2F%2Fplay.google.com%2Fstore%2Fapps%2Fdetails%3Fid%3Dcom.ToDoReminder.gen%26rdid%3Dcom.ToDoReminder.gen&flowName=GlifWebSignIn&flowEntry=ServiceLogin,marcusbiava@gmail.com,$enhagmail
gptw.com.br,http://idp.gptw.com.br,02832683959,x07VmrSF
Grafana,https://pxunic-dashboard-maya.sienge.com.br/login,rocket-dbas,hWiHtdNL61]Z(K0*
grupozap.com,http://account-api.grupozap.com,annekz@gmail.com,Minie01
Gympass,http://www.gympass.com,marcus.biava@arctouch.com,7P0ueBSV
Harbor,https://reg-img-unic.sienge.com.br/harbor/sign-in?redirect_url=%2Fharbor%2Fprojects,rocket,6IkknSoqBaUSx93f
hardmob.com.br,http://www.hardmob.com.br,marcusbiava,3S&rm!3R2bo%
https://headspace.com,https://headspace.com,marcusbiava@gmail.com,2#91noUh
huawei.com,https://uniportal.huawei.com/uniportal/,marcusbiava@gmail.com,QdiA0BJL
hybri.online,http://hybri.online,marcus.biava@softplan.com.br,a@j1hr6$xRLg
id.heroku.com,https://id.heroku.com/account/password/reset/c6f9ec954fd55557872a6dff764dc787,,$enhaheroku
id.heroku.com,https://id.heroku.com/login,marcusbiava@gmail.com,$enhaheroku
id.sonyentertainmentnetwork.com,https://id.sonyentertainmentnetwork.com/signin/,jonathanzanettabiava@gmail.com,$enhapsn2
id.sonyentertainmentnetwork.com,https://id.sonyentertainmentnetwork.com/signin/,marcusbiava@gmail.com,$enhapsn
id.sonyentertainmentnetwork.com,https://id.sonyentertainmentnetwork.com/create_account/,marcusbiava@ymail.com,$enhapsn
ifttt.com,https://ifttt.com/reset/28de21488af2ca25520221676d937befd34add49,,$enhaifttt
imaculadanet.com.br,https://imaculadanet.com.br/#familia,02832683959,Z8Lxf8
imaculadanet.escolaemmovimento.com.br,https://imaculadanet.escolaemmovimento.com.br/Eteg.Cronus.Web_deploy/Acesso/Login?ReturnUrl=%2f,marcusbiava@gmail.com,236863
Importante ,,,
impraise.com,https://app.impraise.com/invitations/9945f5a87ef5d5365ef37d4a9e1c0f627c8fede1313e18129e44ca2939eedff9?after=%2Finvitations%2F9945f5a87ef5d5365ef37d4a9e1c0f627c8fede1313e18129e44ca2939eedff9,Marcus Venicius Nunes Biava,wO0mH72p
impraise.com,https://app.impraise.com/account/login,marcus.biava@arctouch.com,wO0mH72p
inscricoes.thedevconf.com,https://inscricoes.thedevconf.com/congressista/login.gc?evc=tdc-2022-innovation&dst=pgto&insc=5551,marcusbiava@gmail.com,&2uSYq
instagram.com,https://www.instagram.com/accounts/login/?source=reset_password,55 48 9996-0054,princesaminie
invision,https://sso.possible.com/adfs/ls/?SAMLRequest=jVJbT8IwFP4rS993qcMNGrZkQowkqATQB19M6Q7SpGtnT4f67y1DEnyQ%2BHrOd75bzhh5o1pWdW6nl%2FDeAbrgs1EaWb8oSGc1MxwlMs0bQOYEW1X3c3YVJay1xhlhFAlm04K81nxEr2GUhkkmknBAByIcbvMkFGkm8jwb8jwfkeAZLEqjC%2BIZ%2FCFiBzONjmvnRwkdhQkNKV3TjKU5S5MXEix%2BZG6krqV%2Bu%2BxpcwQhu1uvF%2BHicbUmQYUI1nnRidHYNWBXYPdSwNNyXpCdcy2yOG4NotwoaMxGKoik3suDT962kTBNjGhi7lsiwdR3JDV3fYjTtV9HJ4Yez%2BstxgpjUo4PTbI%2BqD3r9nIMfrJMyv8ZHMdnMkfNlj143tl0YZQUX8GtsQ13f8vSiPYTWYfbHsqg4VJVdW0B0beolPmYWOAOCuJsBySIy6Ps7wcqvwE%3D&RelayState=%2Fd%2Fmain&SigAlg=http%3A%2F%2Fwww.w3.org%2F2001%2F04%2Fxmldsig-more%23rsa-sha256&Signature=PF%2FCw%2BQhmexVGI3r1CcZ3UCnMPGdw3DunXf9PLGikdQbelDkOZbOv8fQ5dCa6HPFYnCKO6D8scudQoa2syqJ%2BrsqiyPTZl8Jxb8ddXN7K4qPyeCIzlG0KO%2FvUi2XFZwpansdSIbeAebPEwsfKUgSfogN1LnDurO9OZjchPzIqUM%3D#/projects/prototypes/12733898,jetblue.invision@possible.com,P0ssib!e123
Jetblue Nathan,https://book.jetblue.com/B6.auth/login,NaBrito@jetblue.com,@TJ3tblu3123
jetblue.com,https://jira.it.jetblue.com/secure/ResetPassword!default.jspa?os_username=Marcus&token=ed612d82c07957f08c624aff50f825be7a5c849d,MBiava@jetblue.com,C7ye0Q*Qc!Bi
jetblue.com,https://confluence.it.jetblue.com/login.action?os_destination=%2Fpages%2Fviewpage.action%3FspaceKey%3DMOB%26title%3DV1%2BTraveler%2Bform%2Brequirements&permissionViolation=true,mhouse,C@rter630
kabum.com.br,https://www.kabum.com.br/cgi-local/site/login/nova_senha.cgi?email=marcusbiava@gmail.com&hash=a59eefae36c7a5ac9980b65115408e53,marcusbiava@gmail.com,wQ86p2Ou
localhost,http://localhost:9090/sienge/,admin,lmgcH08TQs
localhost,http://localhost:9090/sienge/,biava,1234
localhost,http://localhost:9090/sienge/index.jsp,biavac,java
login.aliexpress.com,https://login.aliexpress.com/buyer.htm,marcusbiava@gmail.com,$enhaAli2016
login.cpbedu.me,https://login.cpbedu.me/,marcusbiava@gmail.com,$enha2016
login.cpbedu.me,http://login.cpbedu.me/,marcusbiava@gmail.com,$enha2016
login.live.com,https://login.live.com/login.srf,marcusbiava@gmail.com,SUjclR4*@u7a
login.oracle.com,https://login.oracle.com/mysso/signon.jsp,marcusbiava@gmail.com ,$Enha2015
login.teamviewer.com,https://login.teamviewer.com/LogOn,marcusbiava@gmail.com,$enhateam
login.ubuntu.com,https://login.ubuntu.com/,marcusbiava,$enhaubuntu
login.yahoo.com,https://login.yahoo.com/config/login_verify2,marcusbiava@ymail.com,$Enha2014
lojaiplace.com.br,https://www.lojaiplace.com.br/,marcusbiava@gmail.com,Cma29d2R
loucalimpabrastemp.com.br,https://www.loucalimpabrastemp.com.br/site/signup,(48) 9996-0054,KXs7uhoq
m.app.vc,http://m.app.vc/121gee,marcusbiava@gmail.com,1234567
m.magazineluiza.com.br,https://m.magazineluiza.com.br/cliente/resetar-senha/,,$enha2017
m.pt.aliexpress.com,https://m.pt.aliexpress.com/,marcusbiava@gmail.com,$enhaAli2016
m.webaula.com.br,http://m.webaula.com.br/estacio/login.aspx,201010040545,9540ma
macroemicroanatomia.ddns.net,http://macroemicroanatomia.ddns.net:8081/Identity/Account/Register,jonathan,VJMc5C
macroemicroanatomia.ddns.net,http://macroemicroanatomia.ddns.net:8081/Identity/Account/ResetPassword?code=CfDJ8F96CM61IhZLrN3kZYGpd0BSAowj%2F%2F8gv4CbN7U4rGJNNqiqhlWjqu%2Bn%2Boh559nK%2F%2FLzrFSqR%2B%2BS4MF%2F4d93RZHGzYKsfioGz4h8vB4Bb9zoHfgLr7qsrjaI27NfP7zdM2iSmpoKzJ65%2BfYvvxN%2BOr5Zx7zYhR0xLzbZz9Cx2L87EFNL8NlHzp4CAyHRjXq9CJDBW9Mhy%2FQJrAJKrY%2B8kUTPjbrCbFelvNd0fEaUU8Un,marcusbiava@gmail.com,kX!i52
madbarz.com,http://madbarz.com/Account/ForgotPasswordConfirmation/bS9S9998S1b9,,$enha2015
Marcus,,,
marvel.com,https://www.marvel.com/register?referer=https%3A%2F%2Fdeveloper.marvel.com%2Faccount,marcusbiava,e0Qk&zC&8a6!
mccc.elluciancrmrecruit.com,https://mccc.elluciancrmrecruit.com/Apply/Account/Login,bobdenne80@gmail.com,1vacabebe
medisafe,https://medisafe.com,marcusbiava@gmail.com,sfZfg7TB
mega.nz,https://mega.nz/,marcusbiava@gmail.com,$enhamega
member.myfamilycinema.com,https://member.myfamilycinema.com/?language=pt,marcusbiava@gmail.com,$enhamfc
Mibo,http://intelbras.com,marcusbiava@gmail.com,VR36eLCq
microsoft softplan,https://filetransfer.support.microsoft.com/EFTClient/Account/Login.htm,marcus.biava@softplan.com.br,
microsoftonline.com,https://login.microsoftonline.com/common/login,marcus.biava@possible.com,EYKWs3%0
minecraft.net,https://minecraft.net/login,rafael.souza-costa@hotmail.com,queijo.88
minha.unisul.br,https://minha.unisul.br/psp/pa89prd/,annelise.biava,cachorro1
minha.unisul.br,https://minha.unisul.br/psp/pa89prd/,marcus.biava,$enha2015
minha.unisul.br,https://minha.unisul.br/psc/pa89prd/EMPLOYEE/EMPL/c/EO_PE_THIRD_PARTY.EO_PE_EXT_USR_ADMN.GBL,marcus.biava,unisul2014
mlab.com,https://mlab.com/login/,marcusbiava,$enha2017
mlab.com,https://mlab.com/user,marcusbiava@gmail.com,$enha2017
mongolab.com,https://mongolab.com/login/,marcusbiava,4enhamongolab
mongolab.com,https://mongolab.com/signup/,marcusbiava@gmail.com,4enhamongolab
mundocaixa.com.br,https://mundocaixa.com.br/,024.491.079-08,Jonathan$6
music-torrent.net,http://music-torrent.net/account/signup/,marcusbiava@ymail.com,music1234
my.kaspersky.com,https://my.kaspersky.com/MyLicenses#/portal/pages/licenses/details/e1fdd33b-b21b-4135-bc9e-92c06a1d46f3-860,marcusbiava@gmail.com,1Skypbb?
naomeperturbe.com.br,https://www.naomeperturbe.com.br/,marcusbiava@gmail.com,Senha20%
nescafe-dolcegusto.com.br,https://www.nescafe-dolcegusto.com.br,marcusbiava@gmail.com,cafebom
Net,https://netcombo.com.br,02832683959,V5gwH6C6
NET,http://192.168.0.1,NET_45736A,90585145736A
netcombo.com.br,https://auth.netcombo.com.br/web/login.html?client_id=MINHA_NET_WCP&redirect_uri=https%3A%2F%2Fminhanet.net.com.br%2Fwebcenter%2Fportal%2FNETAutoAtendimento&response_type=code&scope=openid+minha_net&state=5a1ab65e-6c0a-4903-9bde-6556ed117ff4&authMs=UP,EP,marcusbiava,a@SA3Ht8
netflix.com,https://www.netflix.com/br/Login,rafael.souza-costa@hotmail.com,dedo.1990.urso
netsuite.com,https://system.na2.netsuite.com/pages/customerlogin.jsp,marcus.biava@possible.com,7u2jfiR4
network-auth.com,https://account.network-auth.com/account/account_login,marcus.biava@possible.com,5S3&&Jk1
newrelic.com,https://newrelic.com/signup,marcusbiava@ymail.com,$ennhanew
Nexus,http://172.23.15.9:8081/#browse/browse,admin,hqTB35MhSH4iyqIr
nodejs-marcusbiava.rhcloud.com,http://nodejs-marcusbiava.rhcloud.com/,marcusbiava,Biava123456
nowfragos.com.br,http://nowfragos.com.br/forum/ucp.php,marcusbiava,marcusjava
nubank,https://nubank.com.br,,nubank$2018
oi.com.br,http://minha.oi.com.br,,FwoLdD73
oi.com.br,http://minha.oi.com.br,marcusbiava@gmail.com,aqH5C3Xy
okta.com,http://quizlet.okta.com,marcus.biava,1P164hO%n6Ju
openair.com,https://www.openair.com/index.pl?old_uid=7viyuc3g5xG2nvGGKQmU4g;jump_to=timesheet.pl%253Fapp%253Dta%253Baction%253Dpaint%253Br%253DTz2NSWc3020%253B_timesheet_layout%253Dopen;_timeout=3;r=EmHsvDm9569,marcus.biava,oEJ3WV9G
openshift.redhat.com,https://openshift.redhat.com/app/login,marcusbiava@gmail.com,4enhaopenshift
orfaosdoexclusivo.com,http://www.orfaosdoexclusivo.com,marcusbiava@ymail.com,j3^68Tb^
passport.alibaba.com,https://passport.alibaba.com/mini_login.htm,marcusbiava@gmail.com,$enhaAli2016
passport.aliexpress.com,https://passport.aliexpress.com/mini_login.htm,marcusbiava@gmail.com,$enhaAli2016
passport.dx.com,https://passport.dx.com/accounts/default.dx,marcusbiava@gmail.com,dxsenha
peaceful-woodland-89673.herokuapp.com,https://peaceful-woodland-89673.herokuapp.com/login,biava,java
pentest.sienge.com.br,https://pentest.sienge.com.br/sienge/CST/saveConfiguracaoCodigoDeBarras.do,ibmadmin2,java
play.hbomax.com,https://play.hbomax.com/page/urn:hbo:page:home,marcusbiava@gmail.com,xo75f5Kq
portalsas.com.br,https://portalsas.com.br/criar-acesso/registrar,jonathanzanettabiava@gmail.com,2008
possible.com,https://jira.possible.com/secure/Dashboard.jspa,marcus.biava,j6MD2KpG
possible.com,http://xn--vpn possible-,marcus.biava@possible.com,5S3&&Jk1
possible.com,https://selfservice.possible.com/authorization.do,Marcus.Biava@possible.com,j6MD2KpG
profile.oracle.com,https://profile.oracle.com/myprofile/account/create-account.jspx,marcusbiava@gmail.com ,$Enha2015
pt-br.facebook.com,https://pt-br.facebook.com/people/Josiane-Somariva-Prophiro/100008613278412,marcusbiava@gmail.com,$enhafacebook
radiant-tundra-5778.herokuapp.com,https://radiant-tundra-5778.herokuapp.com/,biava,123456789
radiant-tundra-5778.herokuapp.com,http://radiant-tundra-5778.herokuapp.com/,marcusbiava,java123
radiant-tundra-5778.herokuapp.com,http://radiant-tundra-5778.herokuapp.com/,tuco,123456789
reclameaqui.com.br,https://www.reclameaqui.com.br/cadastro/consumidor/,marcusbiava@gmail.com,q4QQPoHR
reddit.com,http://www.reddit.com,marcusbiava@gmail.com,2jroP7d@%XNY
redesantapaulina.perseus.com.br,https://redesantapaulina.perseus.com.br/servicos/Autenticacao/Login?ReturnUrl=%2Fservicos%2Fportaleducacional%2F,11036,1bluebb
redesantapaulina.perseus.com.br,https://redesantapaulina.perseus.com.br/Servicos/Autenticacao/Login,02832683959,1bluebb
roomstyler.com,http://roomstyler.com,marcusbiava,#VU7G839GsFd
rundeck.sienge.com.br,https://rundeck.sienge.com.br/,marcus.biava,68xJPv8D
sacola.americanas.com.br,https://sacola.americanas.com.br/,marcusbiava@gmail.com,$enha201
sacola.magazineluiza.com.br,https://sacola.magazineluiza.com.br/,marcusbiava@gmail.com,$enha2017
sacola.submarino.com.br,https://sacola.submarino.com.br/,marcusbiava@gmail.com,$enha201
samsung.com,http://account.samsung.com,marcusbiava@gmail.com,••••••••
sas,http://app.sas.com.br,jonathanzanettabiava@gmail.com,2008
saúde caixa,http://login.caixa.gov.br,,•••••3
saúde caixa final,http://login.caixa.gov.br,,236863
scrimba.com,http://scrimba.com,marcusbiava@gmail.com,l6UzeUxiXZ8M
seguro Unimed,http://,,kcdOa&3c
semanalight.com.br,https://semanalight.com.br/florianopolis/login#account-creation,marcusbiava@gmail.com,4&nNah63
Senha do admin,https://unic-cl-prod00-platform-sienge-admin.sienge.com.br/,marcus.biava,Zog7%tN8atEB
Sesc sc,http://,02832683959,W6AggzO1
Sesc sc,http://pisdc_mb.com,02832683959,W6AggzO1
sesc.i10bibliotecas.com.br,https://sesc.i10bibliotecas.com.br/,01200057435,qq4aWe
sia.estacio.br,https://sia.estacio.br/sianet/ManutencaoSenha/RedefinirSenhaProvisoriaNovoLogon?parametro=cqiA8VWbPwqXH%2Bxukf0ykA%3D%3D,201010040545,m1980b
sienge.com.br,https://suporte.sienge.com.br/sienge/index.jsp,biava,java
sienge.com.br,https://unic-cl-prod00-platform-sienge-admin.sienge.com.br/,marcus.biava,68xJPv8D
sienge.com.br,https://reg-img-unic.sienge.com.br/harbor/sign-in,timechurri,i0raLPmKtyQlURI9
sienge.com.br,https://pxunic-connectors-platform.sienge.com.br/authentication/signin,unic.teamtimechurri@softplan.com.br,timechurri123
signin.ea.com,https://signin.ea.com/p/web/resetPassword,,Senha2017
signup.netflix.com,https://signup.netflix.com/Login,marcusbiava@gmail.com,dingos
slack.com,https://arctouch.slack.com/?is_ssb_browser_signin=1&s=1&v=4.0.3,marcus.biava@arctouch.com,3C6qw&pD
soft010-185,http://soft010-185:8180/sienge/,biava,java
soft010-232,http://soft010-232:8080/sienge/,admin,750eqaxx
soft010-232,http://soft010-232:8080/sienge/,biava,java
soft010-246,http://soft010-246:9090/sienge/SLE/listEquipamento.do,biava,java
softplan.com.br,http://ar.softplan.com.br,marcus.biava,EQW2rFGwo4ETbA
softplan.com.br,https://fs.softplan.com.br/adfs/ls/?client-request-id=edc7d15b-3831-4e0d-9e01-66f406cc7c4a&wa=wsignin1.0&wtrealm=urn%3afederation%3aMicrosoftOnline&wctx=LoginOptions%3D3%26estsredirect%3d2%26estsrequest%3drQIIAY2Rv4vTUADH85pevCuKh4gIinRw8kia95rkJQHBxl5remdraundxeF4TZM2vaYvJukPgq5y480KDo4dBVH8B4TD4ZyEG51EEORwcLTFxU2_w5fv-vl8b7FQgPpN8U8Qv2xe9DzIO-5y_ZXoUm790acP36F6of4SeD-5j09qc5DvJ0kY64UCHSdDSg8E6nm-4woODQoB8YeFdwCcADDPYKWIkYQ1LImKqiqaAjVBlrDcQVqXd7Er8pIqEV4jnQ6veA7yCJJFreueZi42SuOkj5ZFIz91zzJrHo2C_ZDGyXP2oOzEeJOWeuWS0RTrW6lpVMoWlVpGlThqt654lYaKu3tYRntp1VJ3ZriZWn27Sis1k9TuQ5N3SWjuNu5Z5g68axCiGLNwazPs4dYYt4t-5DrtVHH54lSds_9l6jXLLfADOjpmORq6I7_7hb0ekMgZx0LHJxNyJ6ZeEg7JaKlJ6EQnWfAte15k9dXV3Dpzlckzv7Lg1cpC-JvDG_tXPj_efvv0bPDi2jPmeKUQPqwGG02tZ6DawJrC2SSe2a1tiOSJvUF2H7TNuDawK3EqDaa3ZR0eceCI475y4AcHDs8x79f--dhp7jIS0QJJ5iHMQ6QXsQ5l-zc1&cbcxt=&username=marcus.biava%40softplan.com.br&mkt=&lc=&pullStatus=0,marcus.biava@softplan.com.br,WX6zWH9voi7R
softplan.com.br,http://ar.softplan.com.br,nt\marcus.biava,1fadabebe?
softplan.yoobe.co,https://softplan.yoobe.co/wp-login.php,marcus.biava@softplan.com.br,nMlH&hcmmiYmnZsR
Sonar,http://172.23.15.81:9000/sessions/new,admin,T93zMhSHKiyqIr8
sony.com,https://my.account.sony.com/central/signin/?scope=psn%3As2s%20user%3Aaccount.communication.get%20user%3Aaccount.onlineId.get%20user%3Aaccount.get%20openid&ui=pr&client_id=7a3b3b9d-da2c-4315-a558-d40d04101b39&no_captcha=true&redirect_uri=https%3A%2F%2Fio.playstation.com%2Fcentral%2Fauth%2FacceptLogin&request_locale=pt_BR&response_type=code&service_entity=urn%3Aservice-entity%3Apsn&service_logo=ps&smcid=web%3Asocial%3Atoolbar&cid=23308a6d-1f62-43ac-866f-3dbb09bfaa20&auth_ver=v3&auth_ver=v3&error=login_required&error_code=4165&error_description=User+is+not+authenticated&no_captcha=true&cid=23308a6d-1f62-43ac-866f-3dbb09bfaa20#/signin/ca/password?entry=ca,marcusbiava@gmail.com,$enhapsn2020
soundcore,http://,,rejb6#Am
ssl.ezcommerce.com.br,https://ssl.ezcommerce.com.br/gsuplementos/Etapa2_Identificacao.asp,marcusbiava@gmail.com,3r0d2m
sso.crunchyroll.com,https://sso.crunchyroll.com/login?authid=fVQ4Rcp2oaQqHPGmUBZw1GcIVwGxcIWrZhaCgLCh,marcusbiava@gmail.com,1Naruto?
steampowered.com,https://store.steampowered.com/login/?redir=&redir_ssl=1,marcusbiava,umafacabebe22
taxi99,http://taxis99.com,2,$enha99
teams jonathan energia,https://login.live.com/login.srf,jonathan.biava@souenergia.com,09542008Xv
tim,https://tim.com.br,48999480444,9803
Tim banca,http://virtual.banca.tim.bennu.tv,marcusbiava@gmail.com,U29NH8se
timbancavirtual.com.br,https://www.timbancavirtual.com.br/login/tim,999480444,
timbancavirtual.com.br,https://www.timbancavirtual.com.br/login/tim/push,marcusbiava@gmail.com,U29NH8se
timechurri.slack.com,https://timechurri.slack.com/join/invite/MjM5NzU4MDA0NDY2LTE1MDUzMDQwMTktY2U0YmIyODdkYg,Marcus Biava,3C6qw&pD
titulo,http://etitulo.eleitoral.tse.jus.br,Marcus venicius Nunes biava 037960940965 Zélia Nunes biava Cláudio biava,
translate.google.com.br,https://translate.google.com.br/,rafaelsouzaarquivos@gmail.com,dedo.90.urso
twitter.com,https://twitter.com/login/error?redirect_after_login=%2F,marcusbiava@gmail.com,$enhatwitter
uber.com,https://login.uber.com/login,,$enhauber1
ubisoft.com,https://connect.ubisoft.com/login?appId=c5393f10-7ac7-4b4f-90fa-21f8f3451a04&lang=pt-BR&nextUrl=https:%2F%2Faccount.ubisoft.com%2Flogged-in.html&externalLogin=none,marcusbiava@gmail.com,585OyIzgbsYU
udemy.com,https://www.udemy.com/join/login-popup/?skip_suggest=1&locale=pt_BR&next=https%3A%2F%2Fwww.udemy.com%2Fmobile%2Fipad%2F&response_type=html,marcus.biava@softplan.com.br,Softplan2022*
unimedflorianopolis.com.br,https://cliente.unimedflorianopolis.com.br/Cadastro.aspx,00250733000834000,hH3I3LeHa0
valoriza.io,http://benditagula.valoriza.io/purchases/3LAU3K2SAWAXHHC7A741NXADF55NWGLV/confirmations,marcusbiava@gmail.com,66525645
Vivo Moden,http://192.168.15.1/login.htm,admin,aaf728b2
voegol.com.br,https://compre2.voegol.com.br/RetrieveBooking.aspx,028.326.839-59,xBnlFy5O
web-ebenezer.herokuapp.com,https://web-ebenezer.herokuapp.com/,marcus1,marcus1
wpp.com,https://inside.wpp.com/forms/login/,marcus.biava@arctouch.com,$Enha2017
wsr.pearsonvue.com,https://wsr.pearsonvue.com/apps/passwordReset/UpdatePage.htm,,B!ava2015
wsr.pearsonvue.com,https://wsr.pearsonvue.com/testtaker/signin/SignInPage.htm,marcusbiava,B!ava2015
www.4shared.com,http://www.4shared.com/web/login,marcusbiava@gmail.com,4sharedsenha
www.4shared.com,https://www.4shared.com/web/login,marcusbiava@gmail.com,4sharedsenha
www.amazon.com,https://www.amazon.com/ap/signin,marcusbiava@ymail.com,2ge4E4&6
www.amazon.com.br,https://www.amazon.com.br/ap/signin,marcusbiava@ymail.com,2ge4E4&6
www.apaginalivrarias.com.br,https://www.apaginalivrarias.com.br/primeira-compra,marcusbiava@gmai.com,v8TvqG
www.codecademy.com,http://www.codecademy.com/pt-BR,marcusbiava,$enhacodecademy
www.dalfovo.com,http://www.dalfovo.com/ambienteempreendedor/desktop/cadastro.php,marcusbiava,$enha2015
www.devmedia.com.br,http://www.devmedia.com.br/revista-engenharia-de-software-magazine-67/30647,assinaperiodico,butb
www.devmedia.com.br,http://www.devmedia.com.br/login/login.asp,poligraph,inovar2012
www.downloadgospel.com.br,http://www.downloadgospel.com.br/login.php,marcusbiava,downloadgospelSenha
www.downloadgospel.com.br,http://www.downloadgospel.com.br/cadastro.php,marcusbiava@ymail.com,downloadgospelSenha
www.dropbox.com,https://www.dropbox.com/forgot_finish,,$enhadropbox
www.duolingo.com,https://www.duolingo.com/,jonathan,$enhaduolingo
www.evernote.com,https://www.evernote.com/Login.action,annekz@gmail.com,evernotesenha
www.evernote.com,https://www.evernote.com/Login.action,marcusbiava,Z9450US$h8Gx
www.examtime.com,https://www.examtime.com/pt-BR/users/sign_up,marcusbiava@gmail.com,#enhaexamtime
www.facebook.com,https://www.facebook.com/login.php,marcusbiava@gmail.com,$enhafacebook
www.fastshop.com.br,https://www.fastshop.com.br/webapp/wcs/stores/servlet/UserRegistrationForm,marcusbiava@gmail.com,$enhafast
www.filewarez.tv,http://www.filewarez.tv/forum/portal.php,mvnb,marcusjava
www.grammarly.com,https://www.grammarly.com/signin,rafaelsouzaarquivos@gmail.com,DEDO.90.urso
www.gsmfans.org,http://www.gsmfans.org/index.php,marcusbiava,$enhagsmfans
www.gsuplementos.com.br,http://www.gsuplementos.com.br/painel-de-controle/,marcusbiava@gmail.com,3r0d2m
www.gympass.com,https://www.gympass.com/pessoas/senha/editar,,$enha2018
www.instagram.com,https://www.instagram.com/,biavawork@gmail.com,$enha2021
www.learnr.pro,http://www.learnr.pro/account/session/forgot_s2/30784/180abb,,$enhalearnr
www.learnr.pro,http://www.learnr.pro/account/session,marcusbiava@gmail.com,$enhalearnr
www.lilplay.com,https://www.lilplay.com/signup,marcusbiava@ymail.com,lilplaySenha
www.linkedin.com,https://www.linkedin.com/uas/login,marcusbiava@gmail.com,$enhalinkedin
www.lynda.com,https://www.lynda.com/signin/password,marcus.biava@arctouch.com,04CFyM3J9mIT
www.manicomio-share.com,https://www.manicomio-share.com/index.php,mvnb,manicomiosenha
www.manicomio-share.com,http://www.manicomio-share.com/index.php,mvnb,manicomio-senha
www.manymo.com,https://www.manymo.com/users/sign_in,jonathanzanettabiava@gmail.com,jo2008
www.meualelo.com.br,https://www.meualelo.com.br/redefinir-senha.html,,Senha2017
www.netflix.com,https://www.netflix.com/Login,marcusbiava@gmail.com,dingos
www.netshoes.com.br,https://www.netshoes.com.br/account/login.jsp,marcusbiava@gmail.com,dingos
www.opensubtitles.org,http://www.opensubtitles.org/pb/login,marcusbiava,legenda
www.opensubtitles.org,http://www.opensubtitles.org/pb/newuser,marcusbiava@ymail.com,legenda
www.portaldalivraria.com.br,https://www.portaldalivraria.com.br/educandario83891/cadastro?,marcusbiava@gmail.com,J6tVWu
www.ps3news.com,http://www.ps3news.com/forums/register.php,marcusbiava,$enhaps3news
www.roblox.com,https://www.roblox.com/home,marcusbiava@gmail.com,1vacabb?
www.scrumalliance.org,https://www.scrumalliance.org/login,mbiava,$enha2016
www.uaberta.unisul.br,https://www.uaberta.unisul.br/eadv3/midiateca.processa,marcus.biava,$enha2015
www.udacity.com,https://www.udacity.com/account/auth,,$enhaudacity
www.usalearns.org,http://www.usalearns.org/student-registration,Biava,$enhausalearns2016
www.vivermaisgsk.com.br,https://www.vivermaisgsk.com.br/,028.326.839-59,senha2017
www.whizlabs.com,http://www.whizlabs.com/my-account/,jean.alves7@hotmail.com,labsjean
www.whizlabs.com,http://www.whizlabs.com/my-account/,marcusbiava@gmail.com,778@pw
www.youracclaim.com,https://www.youracclaim.com/badges/2262ae36-93aa-4792-bc04-8294ce7ff0f2/accept,,$enhacclaim
www2.walmart.com.br,https://www2.walmart.com.br/login,marcusbiava@gmail.com,$enhawalmart
xcarrefour.com.br,http://www.carrefour.com.br,marcusbiava@gmail.com,4DnCvO1%%6B@
youtube.com,https://accounts.google.com/signin/v2/challenge/pwd?service=youtube&uilel=3&passive=true&continue=https%3A%2F%2Fwww.youtube.com%2Fsignin%3Faction_handle_signin%3Dtrue%26app%3Ddesktop%26hl%3Dpt%26next%3Dhttps%253A%252F%252Fwww.youtube.com%252F&hl=pt-BR&ec=65620&flowName=GlifWebSignIn&flowEntry=ServiceLogin&cid=1&navigationDirection=forward&TL=AM3QAYbegeSPAa7TK8XvCaRKo6DTdZt2YlIRnDJFVfvV33mQvVZalbQ8D1kAwAJ7,,09542008
YUNMAI,http://scaleen.yunmai.com,marcusbiava@gmail.com,s3u3aL3w